Joseph, Cheese Tasting, Mozzarella Making, Cheddar Rolling,
Nancy, Brie Bash, Cheese Tasting
Jessica, Mozzarella Making, Parmesan Observation, Cheese Tasting, Munster Mash
Abby, Guess that Cheese, Parmesan Observation, Gouda Galore, Cheddar Rolling, Cheese Tasting
Rachel, Camembert Conversation, Cracker Pairing, Mozzarella Making, Brie Bash, Cheese Tasting
Jane, Fetch that Feta, Ricotta Riot, Cracker Pairing, Gouda Galore, Cheese Tasting
Shenandoah, Guess that Cheese, Ricotta Riot, Camembert Conversation, Havarti Party, Cheese Tasting
Scott, American Cheese: Fake Rubber, Munster Mash, Mozzarella Making, Provolone All Alone, Cheese Tasting
Julie, Fetch that Feta, Camembert Conversation, Havarti Party, American Cheese: Fake Rubber, Cheese Tasting
John, Gorgonzola Bonanza, Cotija in Fajitas, Camembert Conversation, Brie Bash, Cheese Tasting
Sophia, Fetch that Feta, Camembert Conversation, Havarti Party, American Cheese: Fake Rubber, Cheese Tasting
David, Marscapone in the Zone, Cheddar Rolling, Cheese Tasting
Anne, Gorgonzola Bonanza, Fetch that Feta, Marscapone in the Zone, Provolone All Alone, Cheese Tasting
Alexa, Cracker Pairing, Munster Mash, Havarti Party, Cheese Tasting
Mark, Burrata Sonata, Cheese Tasting
